strain_id,strain,timepoint,tissue,replicate,log10_tcid50_per_ml
1,A/chicken/Shanghai/F/1998,3 days,lung,1,2.75
1,A/chicken/Shanghai/F/1998,3 days,lung,2,2.5
1,A/chicken/Shanghai/F/1998,3 days,lung,3,2.75
1,A/chicken/Shanghai/F/1998,3 days,nasal,1,1.75
1,A/chicken/Shanghai/F/1998,3 days,nasal,2,0.75
1,A/chicken/Shanghai/F/1998,5 days,lung,1,3.75
1,A/chicken/Shanghai/F/1998,5 days,lung,2,3.75
1,A/chicken/Shanghai/F/1998,5 days,lung,3,3.75
1,A/chicken/Shanghai/F/1998,5 days,nasal,1,3.5
1,A/chicken/Shanghai/F/1998,5 days,nasal,2,0.75
2,A/Chicken/HongKong/G9/1997,3 days,lung,1,3.5
2,A/Chicken/HongKong/G9/1997,3 days,lung,2,3.5
2,A/Chicken/HongKong/G9/1997,3 days,lung,3,3.75
2,A/Chicken/HongKong/G9/1997,3 days,nasal,1,3.5
2,A/Chicken/HongKong/G9/1997,3 days,nasal,2,3.5
2,A/Chicken/HongKong/G9/1997,5 days,lung,1,3.75
2,A/Chicken/HongKong/G9/1997,5 days,lung,2,3.75
2,A/Chicken/HongKong/G9/1997,5 days,lung,3,5.5
2,A/Chicken/HongKong/G9/1997,5 days,nasal,1,3.25
2,A/Chicken/HongKong/G9/1997,5 days,nasal,2,3.5
2,A/Chicken/HongKong/G9/1997,5 days,nasal,3,3.25
3,A/chicken/Hebei/1/1999,3 days,lung,1,2.75
3,A/chicken/Hebei/1/1999,3 days,lung,2,2.75
3,A/chicken/Hebei/1/1999,3 days,nasal,1,3.25
3,A/chicken/Hebei/1/1999,3 days,nasal,2,2.25
3,A/chicken/Hebei/1/1999,5 days,lung,1,2.5
3,A/chicken/Hebei/1/1999,5 days,lung,2,2.75
3,A/chicken/Hebei/1/1999,5 days,lung,3,3.25
3,A/chicken/Hebei/1/1999,5 days,nasal,1,2.5
3,A/chicken/Hebei/1/1999,5 days,nasal,2,2.5
3,A/chicken/Hebei/1/1999,5 days,nasal,3,2.75
4,A/chicken/Shandong/ZB/2007,3 days,lung,1,5.25
4,A/chicken/Shandong/ZB/2007,3 days,lung,2,5.25
4,A/chicken/Shandong/ZB/2007,3 days,lung,3,5.5
4,A/chicken/Shandong/ZB/2007,3 days,nasal,1,2.5
4,A/chicken/Shandong/ZB/2007,3 days,nasal,2,2.5
4,A/chicken/Shandong/ZB/2007,5 days,lung,1,0.75
4,A/chicken/Shandong/ZB/2007,5 days,lung,2,0.75
4,A/chicken/Shandong/ZB/2007,5 days,lung,3,0.75
4,A/chicken/Shandong/ZB/2007,5 days,nasal,1,0.75
4,A/chicken/Shandong/ZB/2007,5 days,nasal,2,0.75
4,A/chicken/Shandong/ZB/2007,5 days,nasal,3,0.75
5,A/chicken/Shandong/LY/2003,3 days,lung,1,2.25
5,A/chicken/Shandong/LY/2003,3 days,lung,2,3.5
5,A/chicken/Shandong/LY/2003,3 days,nasal,1,2.25
5,A/chicken/Shandong/LY/2003,3 days,nasal,2,3.25
5,A/chicken/Shandong/LY/2003,5 days,lung,1,3.25
5,A/chicken/Shandong/LY/2003,5 days,lung,2,3.5
5,A/chicken/Shandong/LY/2003,5 days,lung,3,2.25
5,A/chicken/Shandong/LY/2003,5 days,nasal,1,2.25
5,A/chicken/Shandong/LY/2003,5 days,nasal,2,2.5
5,A/chicken/Shandong/LY/2003,5 days,nasal,3,1.75
6,A/chicken/Tianjin/L2/2001,3 days,lung,1,4.5
6,A/chicken/Tianjin/L2/2001,3 days,lung,2,4.5
6,A/chicken/Tianjin/L2/2001,3 days,lung,3,4.5
6,A/chicken/Tianjin/L2/2001,3 days,nasal,1,4.75
6,A/chicken/Tianjin/L2/2001,3 days,nasal,2,4.5
6,A/chicken/Tianjin/L2/2001,3 days,nasal,3,4.5
6,A/chicken/Tianjin/L2/2001,5 days,lung,1,3.5
6,A/chicken/Tianjin/L2/2001,5 days,lung,2,5.25
6,A/chicken/Tianjin/L2/2001,5 days,lung,3,4.25
6,A/chicken/Tianjin/L2/2001,5 days,nasal,1,3.5
6,A/chicken/Tianjin/L2/2001,5 days,nasal,2,4.25
6,A/chicken/Tianjin/L2/2001,5 days,nasal,3,3.5
7,A/chicken/Shandong/98,3 days,lung,1,2.5
7,A/chicken/Shandong/98,3 days,lung,2,2.25
7,A/chicken/Shandong/98,3 days,lung,3,2.25
7,A/chicken/Shandong/98,3 days,nasal,1,2.75
7,A/chicken/Shandong/98,3 days,nasal,2,2.75
7,A/chicken/Shandong/98,3 days,nasal,3,2.5
7,A/chicken/Shandong/98,5 days,lung,1,2.75
7,A/chicken/Shandong/98,5 days,lung,2,2.75
7,A/chicken/Shandong/98,5 days,lung,3,0.75
7,A/chicken/Shandong/98,5 days,nasal,1,4.25
7,A/chicken/Shandong/98,5 days,nasal,2,0.75
8,A/chicken/Shandong/2h/2001,3 days,lung,1,3.25
8,A/chicken/Shandong/2h/2001,3 days,lung,2,2.5
8,A/chicken/Shandong/2h/2001,3 days,nasal,1,0.75
8,A/chicken/Shandong/2h/2001,3 days,nasal,2,3.25
8,A/chicken/Shandong/2h/2001,5 days,lung,1,2.75
8,A/chicken/Shandong/2h/2001,5 days,lung,2,4.5
8,A/chicken/Shandong/2h/2001,5 days,lung,3,4.75
8,A/chicken/Shandong/2h/2001,5 days,nasal,1,0.75
8,A/chicken/Shandong/2h/2001,5 days,nasal,2,0.75
8,A/chicken/Shandong/2h/2001,5 days,nasal,3,0.75
9,A/chicken/Anhui/2h/2002,3 days,lung,1,2.75
9,A/chicken/Anhui/2h/2002,3 days,lung,2,2.5
9,A/chicken/Anhui/2h/2002,3 days,lung,3,3.25
9,A/chicken/Anhui/2h/2002,3 days,nasal,1,1.75
9,A/chicken/Anhui/2h/2002,3 days,nasal,2,2.5
9,A/chicken/Anhui/2h/2002,3 days,nasal,3,2.75
9,A/chicken/Anhui/2h/2002,5 days,lung,1,4.75
9,A/chicken/Anhui/2h/2002,5 days,lung,2,4.5
9,A/chicken/Anhui/2h/2002,5 days,lung,3,0.75
9,A/chicken/Anhui/2h/2002,5 days,nasal,1,2.5
9,A/chicken/Anhui/2h/2002,5 days,nasal,2,3.25
9,A/chicken/Anhui/2h/2002,5 days,nasal,3,0.75
10,A/chicken/Shandong/06/2011,3 days,lung,1,2.25
10,A/chicken/Shandong/06/2011,3 days,lung,2,4.5
10,A/chicken/Shandong/06/2011,3 days,lung,3,4.5
10,A/chicken/Shandong/06/2011,3 days,nasal,1,2.5
10,A/chicken/Shandong/06/2011,3 days,nasal,2,2.25
10,A/chicken/Shandong/06/2011,5 days,lung,1,4.75
10,A/chicken/Shandong/06/2011,5 days,lung,2,5.25
10,A/chicken/Shandong/06/2011,5 days,lung,3,4.5
10,A/chicken/Shandong/06/2011,5 days,nasal,1,2.25
10,A/chicken/Shandong/06/2011,5 days,nasal,2,2.25
10,A/chicken/Shandong/06/2011,5 days,nasal,3,2.25
11,A/chicken/Henan/DY/2009,3 days,lung,1,1.75
11,A/chicken/Henan/DY/2009,3 days,lung,2,0.75
11,A/chicken/Henan/DY/2009,3 days,nasal,1,1.75
11,A/chicken/Henan/DY/2009,3 days,nasal,2,1.75
11,A/chicken/Henan/DY/2009,5 days,lung,1,2.25
11,A/chicken/Henan/DY/2009,5 days,lung,2,3.25
11,A/chicken/Henan/DY/2009,5 days,lung,3,2.25
11,A/chicken/Henan/DY/2009,5 days,nasal,1,1.75
11,A/chicken/Henan/DY/2009,5 days,nasal,2,2.5
11,A/chicken/Henan/DY/2009,5 days,nasal,3,2.25
12,A/chicken/Shandong/zc2/2009,3 days,lung,1,2.5
12,A/chicken/Shandong/zc2/2009,3 days,lung,2,2.75
12,A/chicken/Shandong/zc2/2009,3 days,lung,3,2.75
12,A/chicken/Shandong/zc2/2009,3 days,nasal,1,1.75
12,A/chicken/Shandong/zc2/2009,3 days,nasal,2,2.25
12,A/chicken/Shandong/zc2/2009,5 days,lung,1,3.25
12,A/chicken/Shandong/zc2/2009,5 days,lung,2,2.5
12,A/chicken/Shandong/zc2/2009,5 days,lung,3,3.25
12,A/chicken/Shandong/zc2/2009,5 days,nasal,1,2.25
12,A/chicken/Shandong/zc2/2009,5 days,nasal,2,2.25
13,A/chicken/Shandong/22/2008,3 days,lung,1,1.75
13,A/chicken/Shandong/22/2008,3 days,lung,2,0.75
13,A/chicken/Shandong/22/2008,3 days,nasal,1,0.75
13,A/chicken/Shandong/22/2008,3 days,nasal,2,0.75
13,A/chicken/Shandong/22/2008,3 days,nasal,3,0.75
13,A/chicken/Shandong/22/2008,5 days,lung,1,2.25
13,A/chicken/Shandong/22/2008,5 days,lung,2,0.75
13,A/chicken/Shandong/22/2008,5 days,lung,3,0.75
13,A/chicken/Shandong/22/2008,5 days,nasal,1,0.75
13,A/chicken/Shandong/22/2008,5 days,nasal,2,0.75
13,A/chicken/Shandong/22/2008,5 days,nasal,3,0.75
14,A/chicken/Beijing/7/2005,3 days,lung,1,0.75
14,A/chicken/Beijing/7/2005,3 days,lung,2,0.75
14,A/chicken/Beijing/7/2005,3 days,lung,3,1.75
14,A/chicken/Beijing/7/2005,3 days,nasal,1,2.25
14,A/chicken/Beijing/7/2005,3 days,nasal,2,1.75
14,A/chicken/Beijing/7/2005,3 days,nasal,3,1.75
14,A/chicken/Beijing/7/2005,5 days,lung,1,0.75
14,A/chicken/Beijing/7/2005,5 days,lung,2,1.75
14,A/chicken/Beijing/7/2005,5 days,lung,3,0.75
14,A/chicken/Beijing/7/2005,5 days,nasal,1,2.75
14,A/chicken/Beijing/7/2005,5 days,nasal,2,1.75
14,A/chicken/Beijing/7/2005,5 days,nasal,3,2.25
15,A/chicken/Jiangsu/TS/2010,3 days,lung,1,5.25
15,A/chicken/Jiangsu/TS/2010,3 days,lung,2,4.25
15,A/chicken/Jiangsu/TS/2010,3 days,nasal,1,4.25
15,A/chicken/Jiangsu/TS/2010,3 days,nasal,2,2.75
15,A/chicken/Jiangsu/TS/2010,3 days,nasal,3,4.25
15,A/chicken/Jiangsu/TS/2010,5 days,lung,1,3.75
15,A/chicken/Jiangsu/TS/2010,5 days,lung,2,3.75
15,A/chicken/Jiangsu/TS/2010,5 days,lung,3,3.75
15,A/chicken/Jiangsu/TS/2010,5 days,nasal,1,3.75
15,A/chicken/Jiangsu/TS/2010,5 days,nasal,2,4.25
15,A/chicken/Jiangsu/TS/2010,5 days,nasal,3,2.5
16,A/chicken/Shandong/F0506-42/2017,3 days,lung,1,6.25
16,A/chicken/Shandong/F0506-42/2017,3 days,lung,2,6.25
16,A/chicken/Shandong/F0506-42/2017,3 days,lung,3,6.5
16,A/chicken/Shandong/F0506-42/2017,3 days,nasal,1,3.75
16,A/chicken/Shandong/F0506-42/2017,3 days,nasal,2,3.75
16,A/chicken/Shandong/F0506-42/2017,3 days,nasal,3,3.75
16,A/chicken/Shandong/F0506-42/2017,5 days,lung,1,5.25
16,A/chicken/Shandong/F0506-42/2017,5 days,lung,2,5.25
16,A/chicken/Shandong/F0506-42/2017,5 days,lung,3,5.25
16,A/chicken/Shandong/F0506-42/2017,5 days,nasal,1,4.75
16,A/chicken/Shandong/F0506-42/2017,5 days,nasal,2,5.5
16,A/chicken/Shandong/F0506-42/2017,5 days,nasal,3,5.25
17,A/Chicken/Hebei/F-CH/2018,3 days,lung,1,4.5
17,A/Chicken/Hebei/F-CH/2018,3 days,lung,2,4.75
17,A/Chicken/Hebei/F-CH/2018,3 days,lung,3,4.5
17,A/Chicken/Hebei/F-CH/2018,3 days,nasal,1,3.25
17,A/Chicken/Hebei/F-CH/2018,3 days,nasal,2,4.5
17,A/Chicken/Hebei/F-CH/2018,3 days,nasal,3,4.75
17,A/Chicken/Hebei/F-CH/2018,5 days,lung,1,3.75
17,A/Chicken/Hebei/F-CH/2018,5 days,lung,2,3.75
17,A/Chicken/Hebei/F-CH/2018,5 days,lung,3,4.5
17,A/Chicken/Hebei/F-CH/2018,5 days,nasal,1,3.5
17,A/Chicken/Hebei/F-CH/2018,5 days,nasal,2,3.75
17,A/Chicken/Hebei/F-CH/2018,5 days,nasal,3,0.75
18,A/chicken/Shandong/qd1115/2012,3 days,lung,1,4.5
18,A/chicken/Shandong/qd1115/2012,3 days,lung,2,4.75
18,A/chicken/Shandong/qd1115/2012,3 days,lung,3,4.5
18,A/chicken/Shandong/qd1115/2012,3 days,nasal,1,2.75
18,A/chicken/Shandong/qd1115/2012,3 days,nasal,2,4.5
18,A/chicken/Shandong/qd1115/2012,3 days,nasal,3,3.75
18,A/chicken/Shandong/qd1115/2012,5 days,lung,1,4.5
18,A/chicken/Shandong/qd1115/2012,5 days,lung,2,4.5
18,A/chicken/Shandong/qd1115/2012,5 days,lung,3,4.5
18,A/chicken/Shandong/qd1115/2012,5 days,nasal,1,4.75
18,A/chicken/Shandong/qd1115/2012,5 days,nasal,2,4.5
18,A/chicken/Shandong/qd1115/2012,5 days,nasal,3,5.25
19,A/chicken/Liaoning/0517/2013,3 days,lung,1,1.75
19,A/chicken/Liaoning/0517/2013,3 days,lung,2,2.75
19,A/chicken/Liaoning/0517/2013,3 days,lung,3,3.25
19,A/chicken/Liaoning/0517/2013,3 days,nasal,1,1.75
19,A/chicken/Liaoning/0517/2013,3 days,nasal,2,1.75
19,A/chicken/Liaoning/0517/2013,3 days,nasal,3,1.75
19,A/chicken/Liaoning/0517/2013,5 days,lung,1,1.75
19,A/chicken/Liaoning/0517/2013,5 days,lung,2,2.5
19,A/chicken/Liaoning/0517/2013,5 days,lung,3,1.75
19,A/chicken/Liaoning/0517/2013,5 days,nasal,1,2.5
19,A/chicken/Liaoning/0517/2013,5 days,nasal,2,2.25
19,A/chicken/Liaoning/0517/2013,5 days,nasal,3,2.25
20,A/chicken/Hebei/YT/2010,3 days,lung,1,2.25
20,A/chicken/Hebei/YT/2010,3 days,lung,2,3.5
20,A/chicken/Hebei/YT/2010,3 days,lung,3,3.5
20,A/chicken/Hebei/YT/2010,3 days,nasal,1,1.75
20,A/chicken/Hebei/YT/2010,3 days,nasal,2,2.25
20,A/chicken/Hebei/YT/2010,5 days,lung,1,1.75
20,A/chicken/Hebei/YT/2010,5 days,lung,2,2.25
20,A/chicken/Hebei/YT/2010,5 days,lung,3,0.75
20,A/chicken/Hebei/YT/2010,5 days,nasal,1,3.75
20,A/chicken/Hebei/YT/2010,5 days,nasal,2,4.25
20,A/chicken/Hebei/YT/2010,5 days,nasal,3,3.5
21,A/chicken/Tianjin/11/2014,3 days,lung,1,2.25
21,A/chicken/Tianjin/11/2014,3 days,lung,2,3.25
21,A/chicken/Tianjin/11/2014,3 days,lung,3,3.25
21,A/chicken/Tianjin/11/2014,3 days,nasal,1,3.25
21,A/chicken/Tianjin/11/2014,3 days,nasal,2,2.75
21,A/chicken/Tianjin/11/2014,3 days,nasal,3,3.25
21,A/chicken/Tianjin/11/2014,5 days,lung,1,2.5
21,A/chicken/Tianjin/11/2014,5 days,lung,2,2.5
21,A/chicken/Tianjin/11/2014,5 days,lung,3,2.75
21,A/chicken/Tianjin/11/2014,5 days,nasal,1,3.5
21,A/chicken/Tianjin/11/2014,5 days,nasal,2,3.5
21,A/chicken/Tianjin/11/2014,5 days,nasal,3,2.75
22,A/chicken/Shandong/M0515-1/2017,3 days,lung,1,3.25
22,A/chicken/Shandong/M0515-1/2017,3 days,lung,2,4.5
22,A/chicken/Shandong/M0515-1/2017,3 days,lung,3,3.5
22,A/chicken/Shandong/M0515-1/2017,3 days,nasal,1,4.25
22,A/chicken/Shandong/M0515-1/2017,3 days,nasal,2,4.5
22,A/chicken/Shandong/M0515-1/2017,5 days,lung,1,3.5
22,A/chicken/Shandong/M0515-1/2017,5 days,lung,2,3.5
22,A/chicken/Shandong/M0515-1/2017,5 days,lung,3,4.25
22,A/chicken/Shandong/M0515-1/2017,5 days,nasal,1,3.25
22,A/chicken/Shandong/M0515-1/2017,5 days,nasal,2,2.75
22,A/chicken/Shandong/M0515-1/2017,5 days,nasal,3,3.75
23,A/Chicken/Shandong/F122402/2021,3 days,lung,1,3.25
23,A/Chicken/Shandong/F122402/2021,3 days,lung,2,2.5
23,A/Chicken/Shandong/F122402/2021,3 days,nasal,1,3.25
23,A/Chicken/Shandong/F122402/2021,3 days,nasal,2,3.25
23,A/Chicken/Shandong/F122402/2021,5 days,lung,1,0.75
23,A/Chicken/Shandong/F122402/2021,5 days,lung,2,0.75
23,A/Chicken/Shandong/F122402/2021,5 days,lung,3,0.75
23,A/Chicken/Shandong/F122402/2021,5 days,nasal,1,1.75
23,A/Chicken/Shandong/F122402/2021,5 days,nasal,2,2.75
24,A/Chicken/Shandong/F122401/2021,3 days,lung,1,2.75
24,A/Chicken/Shandong/F122401/2021,3 days,lung,2,0.75
24,A/Chicken/Shandong/F122401/2021,3 days,lung,3,0.75
24,A/Chicken/Shandong/F122401/2021,3 days,nasal,1,2.5
24,A/Chicken/Shandong/F122401/2021,3 days,nasal,2,2.5
24,A/Chicken/Shandong/F122401/2021,5 days,lung,1,0.75
24,A/Chicken/Shandong/F122401/2021,5 days,lung,2,0.75
24,A/Chicken/Shandong/F122401/2021,5 days,lung,3,0.75
24,A/Chicken/Shandong/F122401/2021,5 days,nasal,1,1.75
24,A/Chicken/Shandong/F122401/2021,5 days,nasal,2,2.75
25,A/Chicken/Shandong/F0106_BZ/2022,3 days,lung,1,2.75
25,A/Chicken/Shandong/F0106_BZ/2022,3 days,lung,2,0.75
25,A/Chicken/Shandong/F0106_BZ/2022,3 days,lung,3,0.75
25,A/Chicken/Shandong/F0106_BZ/2022,3 days,nasal,1,2.5
25,A/Chicken/Shandong/F0106_BZ/2022,3 days,nasal,2,2.25
25,A/Chicken/Shandong/F0106_BZ/2022,3 days,nasal,3,2.5
25,A/Chicken/Shandong/F0106_BZ/2022,5 days,lung,1,0.75
25,A/Chicken/Shandong/F0106_BZ/2022,5 days,lung,2,0.75
25,A/Chicken/Shandong/F0106_BZ/2022,5 days,lung,3,0.75
25,A/Chicken/Shandong/F0106_BZ/2022,5 days,nasal,1,2.5
25,A/Chicken/Shandong/F0106_BZ/2022,5 days,nasal,2,2.5
25,A/Chicken/Shandong/F0106_BZ/2022,5 days,nasal,3,2.25
26,A/chicken/Shandong/0202-1/2015,3 days,lung,1,2.5
26,A/chicken/Shandong/0202-1/2015,3 days,lung,2,1.75
26,A/chicken/Shandong/0202-1/2015,3 days,lung,3,0.75
26,A/chicken/Shandong/0202-1/2015,3 days,nasal,1,3.5
26,A/chicken/Shandong/0202-1/2015,3 days,nasal,2,4.5
26,A/chicken/Shandong/0202-1/2015,5 days,lung,1,3.5
26,A/chicken/Shandong/0202-1/2015,5 days,lung,2,2.25
26,A/chicken/Shandong/0202-1/2015,5 days,lung,3,2.75
26,A/chicken/Shandong/0202-1/2015,5 days,nasal,1,4.25
26,A/chicken/Shandong/0202-1/2015,5 days,nasal,2,3.75
27,A/chicken/Ningxia/ZW01/2021,3 days,lung,1,2.25
27,A/chicken/Ningxia/ZW01/2021,3 days,lung,2,1.75
27,A/chicken/Ningxia/ZW01/2021,3 days,lung,3,1.75
27,A/chicken/Ningxia/ZW01/2021,3 days,nasal,1,2.5
27,A/chicken/Ningxia/ZW01/2021,3 days,nasal,2,2.25
27,A/chicken/Ningxia/ZW01/2021,3 days,nasal,3,3.25
27,A/chicken/Ningxia/ZW01/2021,5 days,lung,1,2.5
27,A/chicken/Ningxia/ZW01/2021,5 days,lung,2,2.25
27,A/chicken/Ningxia/ZW01/2021,5 days,lung,3,2.25
27,A/chicken/Ningxia/ZW01/2021,5 days,nasal,1,3.25
27,A/chicken/Ningxia/ZW01/2021,5 days,nasal,2,2.5
27,A/chicken/Ningxia/ZW01/2021,5 days,nasal,3,2.5
28,A/Chicken/NingXia/M2309-934/2023,3 days,lung,1,2.75
28,A/Chicken/NingXia/M2309-934/2023,3 days,lung,2,1.5
28,A/Chicken/NingXia/M2309-934/2023,3 days,lung,3,1.5
28,A/Chicken/NingXia/M2309-934/2023,3 days,nasal,1,3.5
28,A/Chicken/NingXia/M2309-934/2023,3 days,nasal,2,3.25
28,A/Chicken/NingXia/M2309-934/2023,3 days,nasal,3,2.75
28,A/Chicken/NingXia/M2309-934/2023,5 days,lung,1,0.75
28,A/Chicken/NingXia/M2309-934/2023,5 days,lung,2,1.25
28,A/Chicken/NingXia/M2309-934/2023,5 days,lung,3,0.75
28,A/Chicken/NingXia/M2309-934/2023,5 days,nasal,1,2.75
28,A/Chicken/NingXia/M2309-934/2023,5 days,nasal,2,2.75
28,A/Chicken/NingXia/M2309-934/2023,5 days,nasal,3,2.75
29,A/chicken/Ningxia/F0331/2021,3 days,lung,1,0.75
29,A/chicken/Ningxia/F0331/2021,3 days,lung,2,0.75
29,A/chicken/Ningxia/F0331/2021,3 days,lung,3,0.75
29,A/chicken/Ningxia/F0331/2021,3 days,nasal,1,4.25
29,A/chicken/Ningxia/F0331/2021,3 days,nasal,2,3.5
29,A/chicken/Ningxia/F0331/2021,5 days,lung,1,0.75
29,A/chicken/Ningxia/F0331/2021,5 days,lung,2,0.75
29,A/chicken/Ningxia/F0331/2021,5 days,lung,3,0.75
29,A/chicken/Ningxia/F0331/2021,5 days,nasal,1,2.25
29,A/chicken/Ningxia/F0331/2021,5 days,nasal,2,3.25
29,A/chicken/Ningxia/F0331/2021,5 days,nasal,3,3.75
30,A/chicken/Hebei/M1211-20/2016,3 days,lung,1,1.75
30,A/chicken/Hebei/M1211-20/2016,3 days,lung,2,0.75
30,A/chicken/Hebei/M1211-20/2016,3 days,lung,3,0.75
30,A/chicken/Hebei/M1211-20/2016,3 days,nasal,1,3.25
30,A/chicken/Hebei/M1211-20/2016,3 days,nasal,2,3.5
30,A/chicken/Hebei/M1211-20/2016,3 days,nasal,3,3.75
30,A/chicken/Hebei/M1211-20/2016,5 days,lung,1,0.75
30,A/chicken/Hebei/M1211-20/2016,5 days,lung,2,0.75
30,A/chicken/Hebei/M1211-20/2016,5 days,lung,3,0.75
30,A/chicken/Hebei/M1211-20/2016,5 days,nasal,1,5.25
30,A/chicken/Hebei/M1211-20/2016,5 days,nasal,2,4.75
31,A/Chicken/Guangdong/F0106/2020,3 days,lung,1,0.75
31,A/Chicken/Guangdong/F0106/2020,3 days,lung,2,0.75
31,A/Chicken/Guangdong/F0106/2020,3 days,lung,3,0.75
31,A/Chicken/Guangdong/F0106/2020,3 days,nasal,1,2.5
31,A/Chicken/Guangdong/F0106/2020,3 days,nasal,2,2.75
31,A/Chicken/Guangdong/F0106/2020,3 days,nasal,3,2.5
31,A/Chicken/Guangdong/F0106/2020,5 days,lung,1,0.75
31,A/Chicken/Guangdong/F0106/2020,5 days,lung,2,1.75
31,A/Chicken/Guangdong/F0106/2020,5 days,lung,3,0.75
31,A/Chicken/Guangdong/F0106/2020,5 days,nasal,1,3.25
31,A/Chicken/Guangdong/F0106/2020,5 days,nasal,2,3.25
31,A/Chicken/Guangdong/F0106/2020,5 days,nasal,3,3.25
32,A/chicken/Anhui/M1029TC11/2024,3 days,lung,1,4.5
32,A/chicken/Anhui/M1029TC11/2024,3 days,lung,2,4.25
32,A/chicken/Anhui/M1029TC11/2024,3 days,lung,3,4.25
32,A/chicken/Anhui/M1029TC11/2024,3 days,nasal,1,3.75
32,A/chicken/Anhui/M1029TC11/2024,3 days,nasal,2,3.75
32,A/chicken/Anhui/M1029TC11/2024,3 days,nasal,3,3.5
32,A/chicken/Anhui/M1029TC11/2024,5 days,lung,1,1.75
32,A/chicken/Anhui/M1029TC11/2024,5 days,lung,2,4.75
32,A/chicken/Anhui/M1029TC11/2024,5 days,lung,3,4.75
32,A/chicken/Anhui/M1029TC11/2024,5 days,nasal,1,5.5
32,A/chicken/Anhui/M1029TC11/2024,5 days,nasal,2,5.25
32,A/chicken/Anhui/M1029TC11/2024,5 days,nasal,3,4.5
33,A/Anhui-Lujiang/39/2018,3 days,lung,1,2.75
33,A/Anhui-Lujiang/39/2018,3 days,lung,2,3.5
33,A/Anhui-Lujiang/39/2018,3 days,lung,3,1.75
33,A/Anhui-Lujiang/39/2018,3 days,nasal,1,4.5
33,A/Anhui-Lujiang/39/2018,3 days,nasal,2,4.25
33,A/Anhui-Lujiang/39/2018,3 days,nasal,3,4.25
33,A/Anhui-Lujiang/39/2018,5 days,lung,1,2.5
33,A/Anhui-Lujiang/39/2018,5 days,lung,2,2.25
33,A/Anhui-Lujiang/39/2018,5 days,lung,3,2.5
33,A/Anhui-Lujiang/39/2018,5 days,nasal,1,3.5
33,A/Anhui-Lujiang/39/2018,5 days,nasal,2,3.25
33,A/Anhui-Lujiang/39/2018,5 days,nasal,3,3.75
